domain,scale,level,toward_restrictive,toward_restrictive_ft,restr_frac,restr_frac_ft,perm_frac,perm_frac_ft,n_total,n_flips
WildGuard,binary,L1,0.4540763673890609,0.36363636363636365,0.12731481481481483,0.04861111111111111,0.15306712962962962,0.08506944444444445,3456,969
WildGuard,binary,L2,0.640194489465154,0.6494845360824743,0.11429398148148148,0.09114583333333333,0.0642361111111111,0.04918981481481482,3456,617
WildGuard,binary,L3,0.724679029957204,0.7199312714776632,0.14699074074074073,0.12123842592592593,0.055844907407407406,0.04716435185185185,3456,701
WildGuard,binary,L4,0.22831505483549352,0.35800344234079173,0.06626157407407407,0.06018518518518518,0.22395833333333334,0.10792824074074074,3456,1003
WildGuard,binary,L5,0.5030737704918032,0.5337078651685393,0.14207175925925927,0.08246527777777778,0.14033564814814814,0.0720486111111111,3456,976
WildGuard,binary,L6,0.39444127165429277,0.5174319727891157,0.19984567901234568,0.1173804012345679,0.30680941358024694,0.10947145061728394,10368,5253
WildGuard,likert,L1,0.25304136253041365,0.0,0.03009259259259259,0.0,0.08883101851851852,0.005497685185185185,3456,411
WildGuard,likert,L2,0.02564102564102564,0.025,0.0008680555555555555,0.00028935185185185184,0.03298611111111111,0.011284722222222222,3456,117
WildGuard,likert,L3,0.06666666666666667,0.05714285714285714,0.0026041666666666665,0.0005787037037037037,0.036458333333333336,0.009548611111111112,3456,135
WildGuard,likert,L4,0.3938506588579795,0.40228245363766046,0.1556712962962963,0.08159722222222222,0.23958333333333334,0.12123842592592593,3456,1366
WildGuard,likert,L5,0.35302197802197804,0.32558139534883723,0.07436342592592593,0.02025462962962963,0.1362847222222222,0.04195601851851852,3456,728
WildGuard,likert,L6,0.301607835889854,0.24596273291925466,0.1574074074074074,0.019097222222222224,0.3644868827160494,0.05854552469135803,10368,5411
Paired Prompts,binary,L1,0.7707736389684814,0.7085427135678392,0.14944444444444444,0.07833333333333334,0.044444444444444446,0.03222222222222222,1800,349
Paired Prompts,binary,L2,0.8504201680672269,0.8329979879275654,0.2811111111111111,0.23,0.049444444444444444,0.04611111111111111,1800,595
Paired Prompts,binary,L3,0.8690807799442897,0.8517915309446255,0.3466666666666667,0.29055555555555557,0.052222222222222225,0.050555555555555555,1800,718
Paired Prompts,binary,L4,0.8990081154192967,0.8882138517618469,0.5538888888888889,0.4061111111111111,0.06222222222222222,0.051111111111111114,1800,1109
Paired Prompts,binary,L5,0.8937300743889479,0.8413284132841329,0.4672222222222222,0.25333333333333335,0.05555555555555555,0.04777777777777778,1800,941
Paired Prompts,binary,L6,0.898766328011611,0.8744038155802861,0.4587037037037037,0.3055555555555556,0.051666666666666666,0.04388888888888889,5400,2756
Paired Prompts,likert,L1,0.2513812154696133,0.23076923076923078,0.050555555555555555,0.0016666666666666668,0.15055555555555555,0.005555555555555556,1800,362
Paired Prompts,likert,L2,0.2721311475409836,0.12258064516129032,0.04611111111111111,0.010555555555555556,0.12333333333333334,0.07555555555555556,1800,305
Paired Prompts,likert,L3,0.2707317073170732,0.21393034825870647,0.06166666666666667,0.02388888888888889,0.1661111111111111,0.08777777777777777,1800,410
Paired Prompts,likert,L4,0.25815217391304346,0.16164383561643836,0.10555555555555556,0.03277777777777778,0.30333333333333334,0.17,1800,736
Paired Prompts,likert,L5,0.25080906148867316,0.1511627906976744,0.08611111111111111,0.014444444444444444,0.25722222222222224,0.0811111111111111,1800,618
Paired Prompts,likert,L6,0.27747062888735313,0.2095115681233933,0.1487037037037037,0.030185185185185186,0.38722222222222225,0.11388888888888889,5400,2894
MAGE,binary,L1,0.6172506738544474,0.6008771929824561,0.2544444444444444,0.15222222222222223,0.15777777777777777,0.10111111111111111,900,371
MAGE,binary,L2,0.6416040100250626,0.6628895184135978,0.28444444444444444,0.26,0.15888888888888889,0.1322222222222222,900,399
MAGE,binary,L3,0.6407506702412868,0.6347826086956522,0.26555555555555554,0.24333333333333335,0.14888888888888888,0.14,900,373
MAGE,binary,L4,0.6037735849056604,0.6137184115523465,0.4266666666666667,0.37777777777777777,0.28,0.23777777777777778,900,636
MAGE,binary,L5,0.6202090592334495,0.6395663956639567,0.39555555555555555,0.26222222222222225,0.24222222222222223,0.14777777777777779,900,574
MAGE,binary,L6,0.6033452807646356,0.6023391812865497,0.37407407407407406,0.267037037037037,0.24592592592592594,0.17629629629629628,2700,1674
MAGE,likert,L1,0.4154228855721393,0.375,0.18555555555555556,0.0033333333333333335,0.2611111111111111,0.005555555555555556,900,402
MAGE,likert,L2,0.35691318327974275,0.35911602209944754,0.12333333333333334,0.07222222222222222,0.2222222222222222,0.1288888888888889,900,311
MAGE,likert,L3,0.3818615751789976,0.37362637362637363,0.17777777777777778,0.07555555555555556,0.2877777777777778,0.12666666666666668,900,419
MAGE,likert,L4,0.40871021775544386,0.40583554376657827,0.27111111111111114,0.17,0.39222222222222225,0.24888888888888888,900,597
MAGE,likert,L5,0.4,0.36363636363636365,0.23333333333333334,0.07555555555555556,0.35,0.1322222222222222,900,525
MAGE,likert,L6,0.43509127789046653,0.4024604569420035,0.31777777777777777,0.08481481481481482,0.41259259259259257,0.1259259259259259,2700,1972
AEGIS,binary,L1,0.5448504983388704,0.5032258064516129,0.18222222222222223,0.08666666666666667,0.15222222222222223,0.08555555555555555,900,301
AEGIS,binary,L2,0.6881720430107527,0.6766917293233082,0.14222222222222222,0.1,0.06444444444444444,0.04777777777777778,900,186
AEGIS,binary,L3,0.806282722513089,0.8266666666666667,0.1711111111111111,0.13777777777777778,0.04111111111111111,0.028888888888888888,900,191
AEGIS,binary,L4,0.37681159420289856,0.42727272727272725,0.11555555555555555,0.10444444444444445,0.19111111111111112,0.14,900,276
AEGIS,binary,L5,0.5574912891986062,0.5935483870967742,0.17777777777777778,0.10222222222222223,0.1411111111111111,0.07,900,287
AEGIS,binary,L6,0.5537974683544303,0.5380493033226152,0.32407407407407407,0.18592592592592594,0.2611111111111111,0.15962962962962962,2700,1580
AEGIS,likert,L1,0.3770491803278688,0.0,0.051111111111111114,0.0,0.08444444444444445,0.0022222222222222222,900,122
AEGIS,likert,L2,0.1,0.0,0.0022222222222222222,0.0,0.02,0.0011111111111111111,900,20
AEGIS,likert,L3,0.17073170731707318,0.3,0.0077777777777777776,0.0033333333333333335,0.03777777777777778,0.0077777777777777776,900,41
AEGIS,likert,L4,0.5529953917050692,0.536,0.26666666666666666,0.14888888888888888,0.21555555555555556,0.1288888888888889,900,434
AEGIS,likert,L5,0.4824561403508772,0.4827586206896552,0.12222222222222222,0.03111111111111111,0.13111111111111112,0.03333333333333333,900,228
AEGIS,likert,L6,0.5157048940832725,0.39408866995073893,0.2614814814814815,0.02962962962962963,0.24555555555555555,0.04555555555555556,2700,1369
ToxiGen,binary,L1,0.38461538461538464,0.3023255813953488,0.07222222222222222,0.028888888888888888,0.11555555555555555,0.06666666666666667,900,169
ToxiGen,binary,L2,0.5615384615384615,0.61,0.0811111111111111,0.06777777777777778,0.06333333333333334,0.043333333333333335,900,130
ToxiGen,binary,L3,0.5733333333333334,0.6571428571428571,0.09555555555555556,0.07666666666666666,0.07111111111111111,0.04,900,150
ToxiGen,binary,L4,0.5929203539823009,0.5892857142857143,0.14888888888888888,0.11,0.10222222222222223,0.07666666666666666,900,226
ToxiGen,binary,L5,0.5025125628140703,0.5163934426229508,0.1111111111111111,0.07,0.11,0.06555555555555556,900,199
ToxiGen,binary,L6,0.3843311160384331,0.46634615384615385,0.1925925925925926,0.10777777777777778,0.3085185185185185,0.12333333333333334,2700,1353
ToxiGen,likert,L1,0.16304347826086957,0.0,0.016666666666666666,0.0,0.08555555555555555,0.0,900,92
ToxiGen,likert,L2,0.1619047619047619,0.06818181818181818,0.01888888888888889,0.0033333333333333335,0.09777777777777778,0.04555555555555556,900,105
ToxiGen,likert,L3,0.26666666666666666,0.20689655172413793,0.02666666666666667,0.006666666666666667,0.07333333333333333,0.025555555555555557,900,90
ToxiGen,likert,L4,0.3850574712643678,0.3225806451612903,0.07444444444444444,0.03333333333333333,0.11888888888888889,0.07,900,174
ToxiGen,likert,L5,0.38461538461538464,0.11363636363636363,0.06111111111111111,0.005555555555555556,0.09777777777777778,0.043333333333333335,900,143
ToxiGen,likert,L6,0.33086876155268025,0.15463917525773196,0.1325925925925926,0.005555555555555556,0.26814814814814814,0.03037037037037037,2700,1082
HH-RLHF,binary,L1,0.48,0.5538461538461539,0.09333333333333334,0.04,0.10111111111111111,0.03222222222222222,900,175
HH-RLHF,binary,L2,0.672,0.6704545454545454,0.09333333333333334,0.06555555555555556,0.04555555555555556,0.03222222222222222,900,125
HH-RLHF,binary,L3,0.7583892617449665,0.78,0.12555555555555556,0.08666666666666667,0.04,0.024444444444444446,900,149
HH-RLHF,binary,L4,0.6313131313131313,0.6890756302521008,0.2777777777777778,0.18222222222222223,0.1622222222222222,0.08222222222222222,900,396
HH-RLHF,binary,L5,0.665158371040724,0.6581196581196581,0.16333333333333333,0.08555555555555555,0.08222222222222222,0.044444444444444446,900,221
HH-RLHF,binary,L6,0.4707482993197279,0.4583333333333333,0.2562962962962963,0.10592592592592592,0.28814814814814815,0.12518518518518518,2700,1470
HH-RLHF,likert,L1,0.125,0.3333333333333333,0.014444444444444444,0.0011111111111111111,0.10111111111111111,0.0022222222222222222,900,104
HH-RLHF,likert,L2,0.03571428571428571,0.5,0.0011111111111111111,0.0011111111111111111,0.03,0.0011111111111111111,900,28
HH-RLHF,likert,L3,0.08333333333333333,0.0,0.005555555555555556,0.0,0.06111111111111111,0.005555555555555556,900,60
HH-RLHF,likert,L4,0.39204545454545453,0.3883495145631068,0.15333333333333332,0.044444444444444446,0.23777777777777778,0.07,900,352
HH-RLHF,likert,L5,0.3310344827586207,0.3333333333333333,0.05333333333333334,0.01,0.10777777777777778,0.02,900,145
HH-RLHF,likert,L6,0.34690265486725663,0.23958333333333334,0.21777777777777776,0.017037037037037038,0.41,0.05407407407407407,2700,1695
