index,L1,L2,L3,L4,L5,L6,Jury,Repeat,Invariance
L1,1.0,0.5309121348514735,0.43848213764739685,0.35539702873997825,0.47924546024576653,0.3538018627846382,-0.3585291889561803,0.1501391422128969,0.1252592015817844
L2,0.5309121348514735,1.0,0.6933204161745081,0.38735998826463536,0.6169446664671591,0.3359055984265522,-0.2570429912031476,0.09574391498179775,0.14099428234921638
L3,0.43848213764739685,0.6933204161745081,1.0,0.4173179150678019,0.6173725506034914,0.33142035463390856,-0.23075564576803156,0.13846169846448908,0.17221696966406147
L4,0.35539702873997825,0.38735998826463536,0.4173179150678019,1.0,0.5799177679228943,0.3743216299858783,-0.18693920638424427,0.13851656682519953,0.14140949750246662
L5,0.47924546024576653,0.6169446664671591,0.6173725506034914,0.5799177679228943,1.0,0.3976825621772451,-0.24982084437507152,0.16164820517372594,0.1434509147901267
L6,0.3538018627846382,0.3359055984265522,0.33142035463390856,0.3743216299858783,0.3976825621772451,1.0,-0.22229491440075555,0.12760077113792495,0.07114574188584638
Jury,-0.3585291889561803,-0.2570429912031476,-0.23075564576803156,-0.18693920638424427,-0.24982084437507152,-0.22229491440075555,1.0,-0.16703420811711117,-0.13264527126947215
Repeat,0.1501391422128969,0.09574391498179775,0.13846169846448908,0.13851656682519953,0.16164820517372594,0.12760077113792495,-0.16703420811711117,1.0,0.09557469140640709
Invariance,0.1252592015817844,0.14099428234921638,0.17221696966406147,0.14140949750246662,0.1434509147901267,0.07114574188584638,-0.13264527126947215,0.09557469140640709,1.0
