index,L1,L2,L3,L4,L5,L6,Jury,Repeat (T0),Repeat (Seed),Invariance
L1,1.0,0.13848106136221205,0.14698008785821243,0.34537631949406633,0.26936907067213794,0.21588290604426033,-0.28753284485143465,0.18175496781530384,0.13013077759445765,-0.032441205396759876
L2,0.13848106136221205,1.0,0.5815990891250419,0.12604443724204223,0.2588158533262875,0.07638598114969601,-0.12980926328438053,0.11137241084773884,0.10653610559305456,-0.012350385893835974
L3,0.14698008785821243,0.5815990891250419,1.0,0.1943910984453015,0.264803481443783,0.09938101459815106,-0.16657527250212076,0.15673623105706455,0.15835711972367789,-0.01789790556339886
L4,0.34537631949406633,0.12604443724204223,0.1943910984453015,1.0,0.562672678084869,0.4924603774606138,-0.417731482398011,0.15640556567020486,0.1887325655357844,0.03023967579693168
L5,0.26936907067213794,0.2588158533262875,0.264803481443783,0.562672678084869,1.0,0.32597496398958087,-0.2967699488050971,0.14441649267367745,0.21248975948189014,0.015069099558961335
L6,0.21588290604426033,0.07638598114969601,0.09938101459815106,0.4924603774606138,0.32597496398958087,1.0,-0.34048578367678806,0.17562972137423846,0.19570637483520265,0.020144286641195504
Jury,-0.28753284485143465,-0.12980926328438053,-0.16657527250212076,-0.417731482398011,-0.2967699488050971,-0.34048578367678806,1.0,-0.22923461203339413,-0.29343231006774195,-0.022730577145937514
Repeat (T0),0.18175496781530384,0.11137241084773884,0.15673623105706455,0.15640556567020486,0.14441649267367745,0.17562972137423846,-0.22923461203339413,1.0,0.5369463908961155,-0.03430786585323228
Repeat (Seed),0.13013077759445765,0.10653610559305456,0.15835711972367789,0.1887325655357844,0.21248975948189014,0.19570637483520265,-0.29343231006774195,0.5369463908961155,1.0,0.06424467711556824
Invariance,-0.032441205396759876,-0.012350385893835974,-0.01789790556339886,0.03023967579693168,0.015069099558961335,0.020144286641195504,-0.022730577145937514,-0.03430786585323228,0.06424467711556824,1.0
