domain,scale,level,direction_a_label,direction_b_label,direction_a_flips,direction_a_total,direction_a_flip_rate,direction_b_flips,direction_b_total,direction_b_flip_rate,bias_ratio,dominant_direction,direction_a_count,direction_b_count,total_movements
WildGuard,binary,L1,safe→unsafe,unsafe→safe,414.0,893.0,0.4636,516.0,2166.0,0.2382,1.946,safe→unsafe,,,
WildGuard,binary,L2,safe→unsafe,unsafe→safe,365.0,909.0,0.4015,211.0,2150.0,0.0981,4.092,safe→unsafe,,,
WildGuard,binary,L3,safe→unsafe,unsafe→safe,455.0,909.0,0.5006,176.0,2150.0,0.0819,6.115,safe→unsafe,,,
WildGuard,binary,L4,safe→unsafe,unsafe→safe,222.0,909.0,0.2442,729.0,2150.0,0.3391,0.72,unsafe→safe,,,
WildGuard,binary,L5,safe→unsafe,unsafe→safe,453.0,909.0,0.4983,463.0,2150.0,0.2153,2.314,safe→unsafe,,,
WildGuard,binary,L6,safe→unsafe,unsafe→safe,1929.0,2679.0,0.72,3032.0,6498.0,0.4666,1.543,safe→unsafe,,,
WildGuard,binary,Overall,safe→unsafe,unsafe→safe,3838.0,7208.0,0.5325,5127.0,17264.0,0.297,1.793,safe→unsafe,,,
WildGuard,likert,L1,toward unsafe (↑),toward safe (↓),,,,,,,0.764,toward safe (↓),437.0,572.0,1009.0
WildGuard,likert,L2,toward unsafe (↑),toward safe (↓),,,,,,,0.734,toward safe (↓),168.0,229.0,397.0
WildGuard,likert,L3,toward unsafe (↑),toward safe (↓),,,,,,,0.575,toward safe (↓),150.0,261.0,411.0
WildGuard,likert,L4,toward unsafe (↑),toward safe (↓),,,,,,,1.376,toward unsafe (↑),912.0,663.0,1575.0
WildGuard,likert,L5,toward unsafe (↑),toward safe (↓),,,,,,,1.758,toward unsafe (↑),719.0,409.0,1128.0
WildGuard,likert,L6,toward unsafe (↑),toward safe (↓),,,,,,,0.8,toward safe (↓),2843.0,3552.0,6395.0
WildGuard,likert,Overall,toward unsafe (↑),toward safe (↓),,,,,,,0.92,toward safe (↓),5229.0,5686.0,10915.0
PP Hedging,binary,L1,not_hedged→hedged,hedged→not_hedged,704.0,4521.0,0.1557,139.0,279.0,0.4982,0.313,hedged→not_hedged,,,
PP Hedging,binary,L2,not_hedged→hedged,hedged→not_hedged,1563.0,4521.0,0.3457,185.0,279.0,0.6631,0.521,hedged→not_hedged,,,
PP Hedging,binary,L3,not_hedged→hedged,hedged→not_hedged,1983.0,4521.0,0.4386,198.0,279.0,0.7097,0.618,hedged→not_hedged,,,
PP Hedging,binary,L4,not_hedged→hedged,hedged→not_hedged,2643.0,4521.0,0.5846,234.0,279.0,0.8387,0.697,hedged→not_hedged,,,
PP Hedging,binary,L5,not_hedged→hedged,hedged→not_hedged,2415.0,4521.0,0.5342,198.0,279.0,0.7097,0.753,hedged→not_hedged,,,
PP Hedging,binary,L6,not_hedged→hedged,hedged→not_hedged,6976.0,13560.0,0.5145,618.0,840.0,0.7357,0.699,hedged→not_hedged,,,
PP Hedging,binary,Overall,not_hedged→hedged,hedged→not_hedged,16284.0,36165.0,0.4503,1572.0,2235.0,0.7034,0.64,hedged→not_hedged,,,
PP Refusal,binary,L1,compliant→non_compl.,non_compl.→compliant,1039.0,4382.0,0.2371,392.0,418.0,0.9378,0.253,non_compl.→compliant,,,
PP Refusal,binary,L2,compliant→non_compl.,non_compl.→compliant,1566.0,4382.0,0.3574,337.0,418.0,0.8062,0.443,non_compl.→compliant,,,
PP Refusal,binary,L3,compliant→non_compl.,non_compl.→compliant,1738.0,4382.0,0.3966,362.0,418.0,0.866,0.458,non_compl.→compliant,,,
PP Refusal,binary,L4,compliant→non_compl.,non_compl.→compliant,3058.0,4382.0,0.6979,398.0,418.0,0.9522,0.733,non_compl.→compliant,,,
PP Refusal,binary,L5,compliant→non_compl.,non_compl.→compliant,2517.0,4382.0,0.5744,376.0,418.0,0.8995,0.639,non_compl.→compliant,,,
PP Refusal,binary,L6,compliant→non_compl.,non_compl.→compliant,7602.0,13191.0,0.5763,967.0,1209.0,0.7998,0.721,non_compl.→compliant,,,
PP Refusal,binary,Overall,compliant→non_compl.,non_compl.→compliant,17520.0,35101.0,0.4991,2832.0,3299.0,0.8584,0.581,non_compl.→compliant,,,
PP Hedging,likert,L1,toward hedged (↑),toward direct (↓),,,,,,,0.445,toward direct (↓),618.0,1390.0,2008.0
PP Hedging,likert,L2,toward hedged (↑),toward direct (↓),,,,,,,0.533,toward direct (↓),399.0,749.0,1148.0
PP Hedging,likert,L3,toward hedged (↑),toward direct (↓),,,,,,,0.481,toward direct (↓),553.0,1150.0,1703.0
PP Hedging,likert,L4,toward hedged (↑),toward direct (↓),,,,,,,0.653,toward direct (↓),905.0,1385.0,2290.0
PP Hedging,likert,L5,toward hedged (↑),toward direct (↓),,,,,,,0.431,toward direct (↓),795.0,1843.0,2638.0
PP Hedging,likert,L6,toward hedged (↑),toward direct (↓),,,,,,,0.498,toward direct (↓),3687.0,7411.0,11098.0
PP Hedging,likert,Overall,toward hedged (↑),toward direct (↓),,,,,,,0.499,toward direct (↓),6957.0,13928.0,20885.0
PP Refusal,likert,L1,toward refusing (↑),toward compliant (↓),,,,,,,1.932,toward refusing (↑),846.0,438.0,1284.0
PP Refusal,likert,L2,toward refusing (↑),toward compliant (↓),,,,,,,1.93,toward refusing (↑),1110.0,575.0,1685.0
PP Refusal,likert,L3,toward refusing (↑),toward compliant (↓),,,,,,,1.894,toward refusing (↑),1328.0,701.0,2029.0
PP Refusal,likert,L4,toward refusing (↑),toward compliant (↓),,,,,,,2.46,toward refusing (↑),1963.0,798.0,2761.0
PP Refusal,likert,L5,toward refusing (↑),toward compliant (↓),,,,,,,2.203,toward refusing (↑),1637.0,743.0,2380.0
PP Refusal,likert,L6,toward refusing (↑),toward compliant (↓),,,,,,,3.667,toward refusing (↑),7436.0,2028.0,9464.0
PP Refusal,likert,Overall,toward refusing (↑),toward compliant (↓),,,,,,,2.711,toward refusing (↑),14320.0,5283.0,19603.0
MAGE,binary,L1,human→AI,AI→human,143.0,349.0,0.4097,207.0,451.0,0.459,0.893,AI→human,,,
MAGE,binary,L2,human→AI,AI→human,148.0,349.0,0.4241,227.0,451.0,0.5033,0.843,AI→human,,,
MAGE,binary,L3,human→AI,AI→human,147.0,349.0,0.4212,203.0,451.0,0.4501,0.936,AI→human,,,
MAGE,binary,L4,human→AI,AI→human,246.0,349.0,0.7049,319.0,451.0,0.7073,0.997,AI→human,,,
MAGE,binary,L5,human→AI,AI→human,211.0,349.0,0.6046,307.0,451.0,0.6807,0.888,AI→human,,,
MAGE,binary,L6,human→AI,AI→human,641.0,1047.0,0.6122,875.0,1353.0,0.6467,0.947,AI→human,,,
MAGE,binary,Overall,human→AI,AI→human,1536.0,2792.0,0.5501,2138.0,3608.0,0.5926,0.928,AI→human,,,
MAGE,likert,L1,toward AI (↑),toward human (↓),,,,,,,1.722,toward AI (↑),341.0,198.0,539.0
MAGE,likert,L2,toward AI (↑),toward human (↓),,,,,,,1.556,toward AI (↑),252.0,162.0,414.0
MAGE,likert,L3,toward AI (↑),toward human (↓),,,,,,,1.391,toward AI (↑),306.0,220.0,526.0
MAGE,likert,L4,toward AI (↑),toward human (↓),,,,,,,1.416,toward AI (↑),354.0,250.0,604.0
MAGE,likert,L5,toward AI (↑),toward human (↓),,,,,,,1.451,toward AI (↑),344.0,237.0,581.0
MAGE,likert,L6,toward AI (↑),toward human (↓),,,,,,,1.454,toward AI (↑),1169.0,804.0,1973.0
MAGE,likert,Overall,toward AI (↑),toward human (↓),,,,,,,1.478,toward AI (↑),2766.0,1871.0,4637.0
