domain,scale,level,human_consensus,wiggle_rate,n_examples
WildGuard,binary,L1,unanimous,0.241,1672
WildGuard,binary,L1,split,0.3821,1400
WildGuard,binary,L2,unanimous,0.1352,1672
WildGuard,binary,L2,split,0.2586,1400
WildGuard,binary,L3,unanimous,0.1507,1672
WildGuard,binary,L3,split,0.2786,1400
WildGuard,binary,L4,unanimous,0.2656,1672
WildGuard,binary,L4,split,0.37,1400
WildGuard,binary,L5,unanimous,0.2237,1672
WildGuard,binary,L5,split,0.3964,1400
WildGuard,binary,L6,unanimous,0.4374,5643
WildGuard,binary,L6,split,0.5894,4725
WildGuard,likert,L1,unanimous,0.113,1672
WildGuard,likert,L1,split,0.1521,1400
WildGuard,likert,L2,unanimous,0.0383,1672
WildGuard,likert,L2,split,0.0371,1400
WildGuard,likert,L3,unanimous,0.0353,1672
WildGuard,likert,L3,split,0.0507,1400
WildGuard,likert,L4,unanimous,0.3218,1672
WildGuard,likert,L4,split,0.5414,1400
WildGuard,likert,L5,unanimous,0.1794,1672
WildGuard,likert,L5,split,0.27,1400
WildGuard,likert,L6,unanimous,0.4956,5016
WildGuard,likert,L6,split,0.5957,4200
