domain,scale,level,total_wiggles,corrective,corrupting,neutral,corrective_pct,corrupting_pct
MAGE,binary,L1,350,108,242,0,0.3086,0.6914
MAGE,binary,L2,375,113,262,0,0.3013,0.6987
MAGE,binary,L3,350,111,239,0,0.3171,0.6829
MAGE,binary,L4,565,145,420,0,0.2566,0.7434
MAGE,binary,L5,518,137,381,0,0.2645,0.7355
MAGE,binary,L6,1516,408,1108,0,0.2691,0.7309
MAGE,likert,L1,539,146,393,0,0.2709,0.7291
MAGE,likert,L2,414,133,281,0,0.3213,0.6787
MAGE,likert,L3,526,159,367,0,0.3023,0.6977
MAGE,likert,L4,604,165,439,0,0.2732,0.7268
MAGE,likert,L5,581,164,417,0,0.2823,0.7177
MAGE,likert,L6,1973,524,1449,0,0.2656,0.7344
WildGuard,binary,L1,930,331,599,0,0.3559,0.6441
WildGuard,binary,L2,576,248,328,0,0.4306,0.5694
WildGuard,binary,L3,631,271,360,0,0.4295,0.5705
WildGuard,binary,L4,951,315,636,0,0.3312,0.6688
WildGuard,binary,L5,916,363,553,0,0.3963,0.6037
WildGuard,binary,L6,4961,1467,3494,0,0.2957,0.7043
WildGuard,likert,L1,1009,400,609,0,0.3964,0.6036
WildGuard,likert,L2,397,242,155,0,0.6096,0.3904
WildGuard,likert,L3,411,235,176,0,0.5718,0.4282
WildGuard,likert,L4,1575,620,955,0,0.3937,0.6063
WildGuard,likert,L5,1128,515,613,0,0.4566,0.5434
WildGuard,likert,L6,6395,1931,4464,0,0.302,0.698
