L1,L2,L3,L4,L5,L6,Jury,Repeat (T0),Repeat (Seed),Invariance
,,,,,,,,,
,1.0,0.5183777149034977,0.3759734781200308,0.4614120387665634,0.3471385279981843,-0.11092662392608969,-0.01837471011835688,-0.012605246544020184,-0.006227090207574468
,0.5183777149034977,1.0,0.4599423117589368,0.5106657776188492,0.48275584370030394,-0.07020863952900021,-0.012791160539581983,0.032550789576416904,0.0007020795038702438
,0.3759734781200308,0.4599423117589368,1.0,0.4289262420083777,0.3651969479310943,-0.21896375190239262,-0.031063595922674676,-0.011200450356779268,-0.00810686488578311
,0.4614120387665634,0.5106657776188492,0.4289262420083777,1.0,0.30068688618790995,-0.06981091872030679,-0.02161125658329392,-0.005927791742409673,0.021487065083723535
,0.3471385279981843,0.48275584370030394,0.3651969479310943,0.30068688618790995,1.0,0.06713230466223187,-0.04726605554939524,-0.028140496275394996,0.021168809188042065
,-0.11092662392608969,-0.07020863952900021,-0.21896375190239262,-0.06981091872030679,0.06713230466223187,1.0,0.0809935714787418,0.10926907108836553,0.0933783599768574
,-0.01837471011835688,-0.012791160539581983,-0.031063595922674676,-0.02161125658329392,-0.04726605554939524,0.0809935714787418,1.0,0.5564470011710425,0.09193873600986693
,-0.012605246544020184,0.032550789576416904,-0.011200450356779268,-0.005927791742409673,-0.028140496275394996,0.10926907108836553,0.5564470011710425,1.0,0.12182100226343524
,-0.006227090207574468,0.0007020795038702438,-0.00810686488578311,0.021487065083723535,0.021168809188042065,0.0933783599768574,0.09193873600986693,0.12182100226343524,1.0
