domain,scale,level,held_pct,wiggled_to_correct_pct,wiggled_to_wrong_pct,n_total
AEGIS,binary,L1,0.6656,0.1344,0.2,900
AEGIS,binary,L2,0.7933,0.0889,0.1178,900
AEGIS,binary,L3,0.7878,0.0967,0.1156,900
AEGIS,binary,L4,0.6933,0.11,0.1967,900
AEGIS,binary,L5,0.6811,0.1289,0.19,900
AEGIS,binary,L6,0.4148,0.2004,0.3848,2700
AEGIS,binary,Overall,0.6082,0.145,0.2468,7200
AEGIS,likert,L1,0.6933,0.1211,0.1856,900
AEGIS,likert,L2,0.9044,0.0467,0.0489,900
AEGIS,likert,L3,0.8744,0.0611,0.0644,900
AEGIS,likert,L4,0.4378,0.2078,0.3544,900
AEGIS,likert,L5,0.6078,0.1667,0.2256,900
AEGIS,likert,L6,0.3533,0.2133,0.4333,2700
AEGIS,likert,Overall,0.5722,0.1554,0.2724,7200
HH-RLHF,binary,L1,0.8056,0.0833,0.1111,900
HH-RLHF,binary,L2,0.8611,0.0644,0.0744,900
HH-RLHF,binary,L3,0.8344,0.0811,0.0844,900
HH-RLHF,binary,L4,0.56,0.1856,0.2544,900
HH-RLHF,binary,L5,0.7544,0.1133,0.1322,900
HH-RLHF,binary,L6,0.4556,0.2063,0.3381,2700
HH-RLHF,binary,Overall,0.6478,0.1433,0.2089,7200
HH-RLHF,likert,L1,0.6622,0.16,0.1778,900
HH-RLHF,likert,L2,0.8833,0.0622,0.0544,900
HH-RLHF,likert,L3,0.86,0.0589,0.0811,900
HH-RLHF,likert,L4,0.48,0.1967,0.3233,900
HH-RLHF,likert,L5,0.6578,0.1444,0.1978,900
HH-RLHF,likert,L6,0.1919,0.2978,0.5104,2700
HH-RLHF,likert,Overall,0.5149,0.1894,0.2957,7200
MAGE,binary,L1,0.5878,0.1322,0.28,900
MAGE,binary,L2,0.5567,0.1433,0.3,900
MAGE,binary,L3,0.5856,0.1378,0.2767,900
MAGE,binary,L4,0.2933,0.1922,0.5144,900
MAGE,binary,L5,0.3622,0.17,0.4678,900
MAGE,binary,L6,0.38,0.1719,0.4481,2700
MAGE,binary,Overall,0.4407,0.1614,0.3979,7200
MAGE,likert,L1,0.3733,0.1756,0.4511,900
MAGE,likert,L2,0.4978,0.17,0.3322,900
MAGE,likert,L3,0.3744,0.2011,0.4244,900
MAGE,likert,L4,0.2733,0.2067,0.52,900
MAGE,likert,L5,0.3111,0.2011,0.4878,900
MAGE,likert,L6,0.1774,0.2204,0.6022,2700
MAGE,likert,Overall,0.2953,0.2019,0.5028,7200
ToxiGen,binary,L1,0.8122,0.0633,0.1244,900
ToxiGen,binary,L2,0.8556,0.0589,0.0856,900
ToxiGen,binary,L3,0.8333,0.06,0.1067,900
ToxiGen,binary,L4,0.7489,0.0744,0.1767,900
ToxiGen,binary,L5,0.7789,0.0622,0.1589,900
ToxiGen,binary,L6,0.4989,0.0907,0.4104,2700
ToxiGen,binary,Overall,0.6907,0.0739,0.2354,7200
ToxiGen,likert,L1,0.7,0.1178,0.1822,900
ToxiGen,likert,L2,0.7333,0.1033,0.1633,900
ToxiGen,likert,L3,0.7578,0.1,0.1422,900
ToxiGen,likert,L4,0.6933,0.1778,0.1289,900
ToxiGen,likert,L5,0.6933,0.1344,0.1722,900
ToxiGen,likert,L6,0.4156,0.15,0.4344,2700
ToxiGen,likert,Overall,0.6031,0.1354,0.2615,7200
WildGuard,binary,L1,0.7219,0.1007,0.1774,3456
WildGuard,binary,L2,0.8249,0.0764,0.0987,3456
WildGuard,binary,L3,0.8003,0.0874,0.1123,3456
WildGuard,binary,L4,0.713,0.0958,0.1913,3456
WildGuard,binary,L5,0.7214,0.112,0.1667,3456
WildGuard,binary,L6,0.4964,0.1511,0.3524,10368
WildGuard,binary,Overall,0.6589,0.1157,0.2254,27648
WildGuard,likert,L1,0.6962,0.1244,0.1794,3456
WildGuard,likert,L2,0.8808,0.0729,0.0463,3456
WildGuard,likert,L3,0.8753,0.0712,0.0535,3456
WildGuard,likert,L4,0.5179,0.195,0.287,3456
WildGuard,likert,L5,0.6528,0.1597,0.1875,3456
WildGuard,likert,L6,0.3386,0.2043,0.4571,10368
WildGuard,likert,Overall,0.5799,0.1545,0.2656,27648
