,repeatability_entropy,repeatability_seed_entropy,conviction_L1_flip,conviction_L2_flip,conviction_L3_flip,conviction_L4_flip,invariance_flip,persistence_flipped,persistence_flip_turn,jury_majority_strength
repeatability_entropy,1.0,0.6984285953396043,0.658177351489047,0.5207942341717807,0.5650224857353249,0.21085271475205458,0.1891816577405258,0.340084122341863,-0.19437418751531982,-0.1604310552121967
repeatability_seed_entropy,0.6984285953396043,1.0,0.6561589853462795,0.3787816695844392,0.564365117688039,0.2065911535903504,0.2557508462499215,0.3400242291218701,-0.10372795328094477,-0.12771311483835313
conviction_L1_flip,0.658177351489047,0.6561589853462795,1.0,0.4875356854504051,0.6414083977317533,0.24736268889888574,0.33499743100732743,0.45220656548405014,-0.2164453553995047,-0.18052265036145687
conviction_L2_flip,0.5207942341717807,0.3787816695844392,0.4875356854504051,1.0,0.7073112359490062,0.27937182997399956,0.15053605610326495,0.3295638298033379,-0.16267053844957563,-0.04329935937552864
conviction_L3_flip,0.5650224857353249,0.564365117688039,0.6414083977317533,0.7073112359490062,1.0,0.39971754536669674,0.275516837365787,0.465938914940548,-0.24210441374206737,-0.04478098518417773
conviction_L4_flip,0.21085271475205458,0.2065911535903504,0.24736268889888574,0.27937182997399956,0.39971754536669674,1.0,0.03526092388548783,0.5719867801078373,-0.46972225717335414,0.04084812316279712
invariance_flip,0.1891816577405258,0.2557508462499215,0.33499743100732743,0.15053605610326495,0.275516837365787,0.03526092388548783,1.0,0.26318428673327166,-0.052433538521347536,-0.14991268168108549
persistence_flipped,0.340084122341863,0.3400242291218701,0.45220656548405014,0.3295638298033379,0.465938914940548,0.5719867801078373,0.26318428673327166,1.0,,-0.2968776685175036
persistence_flip_turn,-0.19437418751531982,-0.10372795328094477,-0.2164453553995047,-0.16267053844957563,-0.24210441374206737,-0.46972225717335414,-0.052433538521347536,,1.0,-0.4199082697394699
jury_majority_strength,-0.1604310552121967,-0.12771311483835313,-0.18052265036145687,-0.04329935937552864,-0.04478098518417773,0.04084812316279712,-0.14991268168108549,-0.2968776685175036,-0.4199082697394699,1.0
