task,scale,level,initial_state,n,wiggles,wiggle_rate
AEGIS,binary,L1,correct,666,180,0.2702702702702703
AEGIS,binary,L1,incorrect,234,121,0.5170940170940171
AEGIS,binary,L2,correct,666,106,0.15915915915915915
AEGIS,binary,L2,incorrect,234,80,0.3418803418803419
AEGIS,binary,L3,correct,666,104,0.15615615615615616
AEGIS,binary,L3,incorrect,234,87,0.3717948717948718
AEGIS,binary,L4,correct,666,177,0.26576576576576577
AEGIS,binary,L4,incorrect,234,99,0.4230769230769231
AEGIS,binary,L5,correct,666,171,0.25675675675675674
AEGIS,binary,L5,incorrect,234,116,0.49572649572649574
AEGIS,binary,L6,correct,1998,1039,0.52002002002002
AEGIS,binary,L6,incorrect,702,541,0.7706552706552706
AEGIS,likert,L1,aligned,617,56,0.09076175040518639
AEGIS,likert,L1,midpoint,101,38,0.37623762376237624
AEGIS,likert,L1,misaligned,182,28,0.15384615384615385
AEGIS,likert,L2,aligned,617,2,0.0032414910858995136
AEGIS,likert,L2,midpoint,101,16,0.15841584158415842
AEGIS,likert,L2,misaligned,182,2,0.01098901098901099
AEGIS,likert,L3,aligned,617,11,0.017828200972447326
AEGIS,likert,L3,midpoint,101,21,0.2079207920792079
AEGIS,likert,L3,misaligned,182,9,0.04945054945054945
AEGIS,likert,L4,aligned,617,232,0.3760129659643436
AEGIS,likert,L4,midpoint,101,92,0.9108910891089109
AEGIS,likert,L4,misaligned,182,110,0.6043956043956044
AEGIS,likert,L5,aligned,617,108,0.17504051863857376
AEGIS,likert,L5,midpoint,101,57,0.5643564356435643
AEGIS,likert,L5,misaligned,182,63,0.34615384615384615
AEGIS,likert,L6,aligned,1851,838,0.45272825499729874
AEGIS,likert,L6,midpoint,303,200,0.6600660066006601
AEGIS,likert,L6,misaligned,546,331,0.6062271062271062
HH-RLHF,binary,L1,correct,571,100,0.17513134851138354
HH-RLHF,binary,L1,incorrect,329,75,0.22796352583586627
HH-RLHF,binary,L2,correct,571,67,0.11733800350262696
HH-RLHF,binary,L2,incorrect,329,58,0.1762917933130699
HH-RLHF,binary,L3,correct,571,76,0.1330998248686515
HH-RLHF,binary,L3,incorrect,329,73,0.22188449848024316
HH-RLHF,binary,L4,correct,571,229,0.4010507880910683
HH-RLHF,binary,L4,incorrect,329,167,0.5075987841945289
HH-RLHF,binary,L5,correct,571,119,0.2084063047285464
HH-RLHF,binary,L5,incorrect,329,102,0.3100303951367781
HH-RLHF,binary,L6,correct,1713,913,0.5329830706363106
HH-RLHF,binary,L6,incorrect,987,557,0.5643363728470111
HH-RLHF,likert,L1,aligned,524,42,0.08015267175572519
HH-RLHF,likert,L1,midpoint,93,43,0.46236559139784944
HH-RLHF,likert,L1,misaligned,283,19,0.06713780918727916
HH-RLHF,likert,L2,aligned,524,6,0.011450381679389313
HH-RLHF,likert,L2,midpoint,93,20,0.21505376344086022
HH-RLHF,likert,L2,misaligned,283,2,0.007067137809187279
HH-RLHF,likert,L3,aligned,524,27,0.05152671755725191
HH-RLHF,likert,L3,midpoint,93,27,0.2903225806451613
HH-RLHF,likert,L3,misaligned,283,6,0.02120141342756184
HH-RLHF,likert,L4,aligned,524,172,0.3282442748091603
HH-RLHF,likert,L4,midpoint,93,75,0.8064516129032258
HH-RLHF,likert,L4,misaligned,283,105,0.3710247349823322
HH-RLHF,likert,L5,aligned,524,68,0.1297709923664122
HH-RLHF,likert,L5,midpoint,93,33,0.3548387096774194
HH-RLHF,likert,L5,misaligned,283,44,0.15547703180212014
HH-RLHF,likert,L6,aligned,1572,963,0.6125954198473282
HH-RLHF,likert,L6,midpoint,279,234,0.8387096774193549
HH-RLHF,likert,L6,misaligned,849,498,0.5865724381625441
MAGE,binary,L1,correct,702,252,0.358974358974359
MAGE,binary,L1,incorrect,198,119,0.601010101010101
MAGE,binary,L2,correct,702,270,0.38461538461538464
MAGE,binary,L2,incorrect,198,129,0.6515151515151515
MAGE,binary,L3,correct,702,249,0.3547008547008547
MAGE,binary,L3,incorrect,198,124,0.6262626262626263
MAGE,binary,L4,correct,702,463,0.6595441595441596
MAGE,binary,L4,incorrect,198,173,0.8737373737373737
MAGE,binary,L5,correct,702,421,0.5997150997150997
MAGE,binary,L5,incorrect,198,153,0.7727272727272727
MAGE,binary,L6,correct,2106,1210,0.5745489078822412
MAGE,binary,L6,incorrect,594,464,0.7811447811447811
MAGE,likert,L1,aligned,601,222,0.36938435940099834
MAGE,likert,L1,midpoint,131,82,0.6259541984732825
MAGE,likert,L1,misaligned,168,98,0.5833333333333334
MAGE,likert,L2,aligned,601,165,0.27454242928452577
MAGE,likert,L2,midpoint,131,74,0.5648854961832062
MAGE,likert,L2,misaligned,168,72,0.42857142857142855
MAGE,likert,L3,aligned,601,220,0.36605657237936773
MAGE,likert,L3,midpoint,131,89,0.6793893129770993
MAGE,likert,L3,misaligned,168,110,0.6547619047619048
MAGE,likert,L4,aligned,601,351,0.5840266222961731
MAGE,likert,L4,midpoint,131,115,0.8778625954198473
MAGE,likert,L4,misaligned,168,131,0.7797619047619048
MAGE,likert,L5,aligned,601,302,0.502495840266223
MAGE,likert,L5,midpoint,131,100,0.7633587786259542
MAGE,likert,L5,misaligned,168,123,0.7321428571428571
MAGE,likert,L6,aligned,1803,1214,0.6733222407099279
MAGE,likert,L6,midpoint,393,320,0.8142493638676844
MAGE,likert,L6,misaligned,504,438,0.8690476190476191
ToxiGen,binary,L1,correct,794,112,0.14105793450881612
ToxiGen,binary,L1,incorrect,106,57,0.5377358490566038
ToxiGen,binary,L2,correct,794,77,0.09697732997481108
ToxiGen,binary,L2,incorrect,106,53,0.5
ToxiGen,binary,L3,correct,794,96,0.12090680100755667
ToxiGen,binary,L3,incorrect,106,54,0.5094339622641509
ToxiGen,binary,L4,correct,794,159,0.20025188916876574
ToxiGen,binary,L4,incorrect,106,67,0.6320754716981132
ToxiGen,binary,L5,correct,794,143,0.1801007556675063
ToxiGen,binary,L5,incorrect,106,56,0.5283018867924528
ToxiGen,binary,L6,correct,2382,1108,0.4651553316540722
ToxiGen,binary,L6,incorrect,318,245,0.7704402515723271
ToxiGen,likert,L1,aligned,714,55,0.07703081232492998
ToxiGen,likert,L1,midpoint,96,27,0.28125
ToxiGen,likert,L1,misaligned,90,10,0.1111111111111111
ToxiGen,likert,L2,aligned,714,48,0.06722689075630252
ToxiGen,likert,L2,midpoint,96,44,0.4583333333333333
ToxiGen,likert,L2,misaligned,90,13,0.14444444444444443
ToxiGen,likert,L3,aligned,714,33,0.046218487394957986
ToxiGen,likert,L3,midpoint,96,40,0.4166666666666667
ToxiGen,likert,L3,misaligned,90,17,0.18888888888888888
ToxiGen,likert,L4,aligned,714,59,0.08263305322128851
ToxiGen,likert,L4,midpoint,96,81,0.84375
ToxiGen,likert,L4,misaligned,90,34,0.37777777777777777
ToxiGen,likert,L5,aligned,714,59,0.08263305322128851
ToxiGen,likert,L5,midpoint,96,57,0.59375
ToxiGen,likert,L5,misaligned,90,27,0.3
ToxiGen,likert,L6,aligned,2142,780,0.3641456582633053
ToxiGen,likert,L6,midpoint,288,149,0.5173611111111112
ToxiGen,likert,L6,misaligned,270,153,0.5666666666666667
WildGuard,binary,L1,correct,2672,613,0.22941616766467066
WildGuard,binary,L1,incorrect,784,356,0.45408163265306123
WildGuard,binary,L2,correct,2658,341,0.12829194883370956
WildGuard,binary,L2,incorrect,798,276,0.3458646616541353
WildGuard,binary,L3,correct,2658,388,0.14597441685477802
WildGuard,binary,L3,incorrect,798,313,0.39223057644110276
WildGuard,binary,L4,correct,2658,661,0.24868322046651617
WildGuard,binary,L4,incorrect,798,342,0.42857142857142855
WildGuard,binary,L5,correct,2658,576,0.21670428893905191
WildGuard,binary,L5,incorrect,798,400,0.5012531328320802
WildGuard,likert,L1,aligned,2390,175,0.07322175732217573
WildGuard,likert,L1,midpoint,414,149,0.35990338164251207
WildGuard,likert,L1,misaligned,652,87,0.1334355828220859
WildGuard,likert,L2,aligned,2390,23,0.009623430962343096
WildGuard,likert,L2,midpoint,414,82,0.19806763285024154
WildGuard,likert,L2,misaligned,652,12,0.018404907975460124
WildGuard,likert,L3,aligned,2390,32,0.013389121338912133
WildGuard,likert,L3,midpoint,414,76,0.18357487922705315
WildGuard,likert,L3,misaligned,652,27,0.04141104294478527
WildGuard,likert,L4,aligned,2390,634,0.26527196652719665
WildGuard,likert,L4,midpoint,414,347,0.8381642512077294
WildGuard,likert,L4,misaligned,652,385,0.5904907975460123
WildGuard,likert,L5,aligned,2390,270,0.11297071129707113
WildGuard,likert,L5,midpoint,414,261,0.6304347826086957
WildGuard,likert,L5,misaligned,652,197,0.30214723926380366
WildGuard,likert,L6,aligned,7170,3260,0.45467224546722457
WildGuard,likert,L6,midpoint,1242,943,0.7592592592592593
WildGuard,likert,L6,misaligned,1956,1208,0.6175869120654397
