scale,level,initial_state,tasks,mean_wiggle_rate
binary,L1,correct,5,0.23497001598589992
binary,L1,incorrect,5,0.4675770251299299
binary,L2,correct,5,0.17727636521713827
binary,L2,incorrect,5,0.4031103896725397
binary,L3,correct,5,0.1821676107175994
binary,L3,incorrect,5,0.42432130704859905
binary,L4,correct,5,0.35505916460725506
binary,L4,incorrect,5,0.5730119962556735
binary,L5,correct,5,0.29233664116139224
binary,L5,incorrect,5,0.5216078366430159
binary,L6,correct,4,0.5231768325481609
binary,L6,incorrect,4,0.7216441690548475
likert,L1,aligned,5,0.1381102702418031
likert,L1,midpoint,5,0.4211421590552041
likert,L1,misaligned,5,0.2097727980599927
likert,L2,aligned,5,0.07321692475369204
likert,L2,midpoint,5,0.3189512134783599
likert,L2,misaligned,5,0.12189538595790628
likert,L3,aligned,5,0.09900381992858741
likert,L3,midpoint,5,0.3555748463190377
likert,L3,misaligned,5,0.19114275989473803
likert,L4,aligned,5,0.3272377765636324
likert,L4,midpoint,5,0.8554239097279426
likert,L4,misaligned,5,0.5446901638927263
likert,L5,aligned,5,0.20058222315791369
likert,L5,midpoint,5,0.5813477413111267
likert,L5,misaligned,5,0.3671841948725254
likert,L6,aligned,5,0.5114927638570169
likert,L6,midpoint,5,0.717929083651614
likert,L6,misaligned,5,0.6492201484338752
