task,scale,level,corrective,corrupting,total_wiggles,corrective_pct,corrupting_pct
AEGIS,binary,L1,121,180,301,0.4019933554817276,0.5980066445182725
AEGIS,binary,L2,80,106,186,0.43010752688172044,0.5698924731182796
AEGIS,binary,L3,87,104,191,0.45549738219895286,0.5445026178010471
AEGIS,binary,L4,99,177,276,0.358695652173913,0.6413043478260869
AEGIS,binary,L5,116,171,287,0.40418118466898956,0.5958188153310104
AEGIS,binary,L6,541,1039,1580,0.34240506329113923,0.6575949367088607
AEGIS,likert,L1,46,76,122,0.3770491803278688,0.6229508196721312
AEGIS,likert,L2,11,9,20,0.55,0.45
AEGIS,likert,L3,20,21,41,0.4878048780487805,0.5121951219512195
AEGIS,likert,L4,173,261,434,0.3986175115207373,0.6013824884792627
AEGIS,likert,L5,104,124,228,0.45614035087719296,0.543859649122807
AEGIS,likert,L6,473,896,1369,0.34550766983199416,0.6544923301680059
HH-RLHF,binary,L1,75,100,175,0.42857142857142855,0.5714285714285714
HH-RLHF,binary,L2,58,67,125,0.464,0.536
HH-RLHF,binary,L3,73,76,149,0.4899328859060403,0.5100671140939598
HH-RLHF,binary,L4,167,229,396,0.4217171717171717,0.5782828282828283
HH-RLHF,binary,L5,102,119,221,0.46153846153846156,0.5384615384615384
HH-RLHF,binary,L6,557,913,1470,0.37891156462585035,0.6210884353741497
HH-RLHF,likert,L1,40,64,104,0.38461538461538464,0.6153846153846154
HH-RLHF,likert,L2,12,16,28,0.42857142857142855,0.5714285714285714
HH-RLHF,likert,L3,23,37,60,0.38333333333333336,0.6166666666666667
HH-RLHF,likert,L4,140,212,352,0.3977272727272727,0.6022727272727273
HH-RLHF,likert,L5,57,88,145,0.3931034482758621,0.6068965517241379
HH-RLHF,likert,L6,616,1079,1695,0.36342182890855457,0.6365781710914454
MAGE,binary,L1,119,252,371,0.32075471698113206,0.6792452830188679
MAGE,binary,L2,129,270,399,0.3233082706766917,0.6766917293233082
MAGE,binary,L3,124,249,373,0.3324396782841823,0.6675603217158177
MAGE,binary,L4,173,463,636,0.2720125786163522,0.7279874213836478
MAGE,binary,L5,153,421,574,0.2665505226480836,0.7334494773519163
MAGE,binary,L6,464,1210,1674,0.27718040621266427,0.7228195937873357
MAGE,likert,L1,129,273,402,0.3208955223880597,0.6791044776119403
MAGE,likert,L2,103,208,311,0.3311897106109325,0.6688102893890675
MAGE,likert,L3,146,273,419,0.34844868735083534,0.6515513126491647
MAGE,likert,L4,169,428,597,0.2830820770519263,0.7169179229480737
MAGE,likert,L5,160,365,525,0.3047619047619048,0.6952380952380952
MAGE,likert,L6,549,1423,1972,0.2783975659229209,0.7216024340770791
ToxiGen,binary,L1,57,112,169,0.33727810650887574,0.6627218934911243
ToxiGen,binary,L2,53,77,130,0.4076923076923077,0.5923076923076923
ToxiGen,binary,L3,54,96,150,0.36,0.64
ToxiGen,binary,L4,67,159,226,0.29646017699115046,0.7035398230088495
ToxiGen,binary,L5,56,143,199,0.2814070351758794,0.7185929648241206
ToxiGen,binary,L6,245,1108,1353,0.18107908351810792,0.8189209164818921
ToxiGen,likert,L1,35,57,92,0.3804347826086957,0.6195652173913043
ToxiGen,likert,L2,50,55,105,0.47619047619047616,0.5238095238095238
ToxiGen,likert,L3,50,40,90,0.5555555555555556,0.4444444444444444
ToxiGen,likert,L4,100,74,174,0.5747126436781609,0.42528735632183906
ToxiGen,likert,L5,73,70,143,0.5104895104895105,0.48951048951048953
ToxiGen,likert,L6,272,810,1082,0.2513863216266174,0.7486136783733827
WildGuard,binary,L1,356,613,969,0.3673890608875129,0.6326109391124871
WildGuard,binary,L2,276,341,617,0.4473257698541329,0.5526742301458671
WildGuard,binary,L3,313,388,701,0.44650499286733236,0.5534950071326676
WildGuard,binary,L4,342,661,1003,0.34097706879361916,0.6590229312063809
WildGuard,binary,L5,400,576,976,0.4098360655737705,0.5901639344262295
WildGuard,binary,L6,1567,3654,5221,0.3001340739321969,0.6998659260678031
WildGuard,likert,L1,165,246,411,0.40145985401459855,0.5985401459854015
WildGuard,likert,L2,74,43,117,0.6324786324786325,0.36752136752136755
WildGuard,likert,L3,83,52,135,0.6148148148148148,0.3851851851851852
WildGuard,likert,L4,611,755,1366,0.4472913616398243,0.5527086383601757
WildGuard,likert,L5,372,356,728,0.510989010989011,0.489010989010989
WildGuard,likert,L6,1849,3562,5411,0.34171132877471816,0.6582886712252818
