task,scale,mean_per_persuader,union_coverage
AEGIS,binary,0.5851851851851851,0.7855555555555556
AEGIS,likert,0.5070370370370371,0.7233333333333333
HH-RLHF,binary,0.5444444444444445,0.7377777777777778
HH-RLHF,likert,0.6277777777777778,0.8177777777777778
MAGE,binary,0.62,0.7744444444444444
MAGE,likert,0.7303703703703703,0.9122222222222223
PP Hedging,binary,0.46481481481481485,0.64
PP Hedging,likert,0.5614814814814815,0.7188888888888889
PP Refusal,binary,0.5559259259259259,0.6766666666666666
PP Refusal,likert,0.5103703703703704,0.6477777777777778
ToxiGen,binary,0.5011111111111111,0.6855555555555556
ToxiGen,likert,0.40074074074074073,0.6244444444444445
WildGuard,binary,0.5066550925925926,0.6970486111111112
WildGuard,likert,0.5218942901234568,0.7638888888888888
