domain,scale,mean_gap,min_gap,max_gap
AEGIS,binary,26.400000000000002,21.5,31.1
AEGIS,likert,20.55,4.4,39.4
HH-RLHF,binary,26.71666666666667,19.7,31.5
HH-RLHF,likert,19.083333333333332,7.2,32.4
MAGE,binary,25.46666666666667,17.7,34.3
MAGE,likert,27.816666666666666,20.3,34.4
PP Hedging,binary,41.266666666666666,30.2,48.7
PP Hedging,likert,18.483333333333334,2.7,30.7
PP Refusal,binary,36.13333333333333,27.6,44.4
PP Refusal,likert,32.416666666666664,22.4,46.9
ToxiGen,binary,35.916666666666664,30.5,45.2
ToxiGen,likert,29.96666666666667,22.6,40.5
WildGuard,binary,27.483333333333334,22.9,33.4
WildGuard,likert,18.166666666666668,4.9,36.7
