domain,scale,level,predictor,rho,abs_rho,pval,n
WildGuard,binary,L1,Jury,-0.684,0.684,0.0,384
WildGuard,binary,L2,Jury,-0.683,0.683,0.0,384
WildGuard,binary,L3,Jury,-0.678,0.678,0.0,384
WildGuard,binary,L4,Jury,-0.623,0.623,0.0,384
WildGuard,binary,L5,Jury,-0.675,0.675,0.0,384
WildGuard,binary,L6,Jury,-0.653,0.653,0.0,384
WildGuard,likert,L1,Jury,-0.64,0.64,0.0,384
WildGuard,likert,L2,Jury,-0.379,0.379,0.0,384
WildGuard,likert,L3,Jury,-0.437,0.437,0.0,384
WildGuard,likert,L4,Jury,-0.708,0.708,0.0,384
WildGuard,likert,L5,Jury,-0.766,0.766,0.0,384
WildGuard,likert,L6,Jury,-0.683,0.683,0.0,384
PP Hedging,binary,L1,Jury,-0.464,0.464,0.0,100
PP Hedging,binary,L1,Repeat,-0.236,0.236,0.0181,100
PP Hedging,binary,L1,Invariance,0.032,0.032,0.7551,100
PP Hedging,binary,L2,Jury,-0.433,0.433,0.0,100
PP Hedging,binary,L2,Repeat,-0.259,0.259,0.0092,100
PP Hedging,binary,L2,Invariance,-0.233,0.233,0.0198,100
PP Hedging,binary,L3,Jury,-0.419,0.419,0.0,100
PP Hedging,binary,L3,Repeat,-0.195,0.195,0.0517,100
PP Hedging,binary,L3,Invariance,-0.252,0.252,0.0113,100
PP Hedging,binary,L4,Jury,-0.398,0.398,0.0,100
PP Hedging,binary,L4,Repeat,-0.302,0.302,0.0022,100
PP Hedging,binary,L4,Invariance,-0.091,0.091,0.3696,100
PP Hedging,binary,L5,Jury,-0.394,0.394,0.0001,100
PP Hedging,binary,L5,Repeat,-0.313,0.313,0.0015,100
PP Hedging,binary,L5,Invariance,-0.235,0.235,0.0186,100
PP Hedging,binary,L6,Jury,-0.424,0.424,0.0,100
PP Hedging,binary,L6,Repeat,0.012,0.012,0.908,100
PP Hedging,binary,L6,Invariance,0.292,0.292,0.0032,100
PP Refusal,binary,L1,Jury,-0.711,0.711,0.0,100
PP Refusal,binary,L1,Repeat,0.363,0.363,0.0002,100
PP Refusal,binary,L1,Invariance,0.629,0.629,0.0,100
PP Refusal,binary,L2,Jury,-0.633,0.633,0.0,100
PP Refusal,binary,L2,Repeat,0.407,0.407,0.0,100
PP Refusal,binary,L2,Invariance,0.61,0.61,0.0,100
PP Refusal,binary,L3,Jury,-0.642,0.642,0.0,100
PP Refusal,binary,L3,Repeat,0.421,0.421,0.0,100
PP Refusal,binary,L3,Invariance,0.63,0.63,0.0,100
PP Refusal,binary,L4,Jury,-0.564,0.564,0.0,100
PP Refusal,binary,L4,Repeat,0.425,0.425,0.0,100
PP Refusal,binary,L4,Invariance,0.546,0.546,0.0,100
PP Refusal,binary,L5,Jury,-0.542,0.542,0.0,100
PP Refusal,binary,L5,Repeat,0.401,0.401,0.0,100
PP Refusal,binary,L5,Invariance,0.554,0.554,0.0,100
PP Refusal,binary,L6,Jury,-0.579,0.579,0.0,100
PP Refusal,binary,L6,Repeat,0.395,0.395,0.0,100
PP Refusal,binary,L6,Invariance,0.638,0.638,0.0,100
PP Hedging,likert,L1,Jury,-0.574,0.574,0.0,100
PP Hedging,likert,L1,Repeat,-0.184,0.184,0.0671,100
PP Hedging,likert,L1,Invariance,-0.131,0.131,0.1934,100
PP Hedging,likert,L2,Jury,-0.462,0.462,0.0,100
PP Hedging,likert,L2,Repeat,-0.088,0.088,0.383,100
PP Hedging,likert,L2,Invariance,-0.135,0.135,0.1793,100
PP Hedging,likert,L3,Jury,-0.522,0.522,0.0,100
PP Hedging,likert,L3,Repeat,-0.109,0.109,0.2805,100
PP Hedging,likert,L3,Invariance,-0.136,0.136,0.1765,100
PP Hedging,likert,L4,Jury,-0.579,0.579,0.0,100
PP Hedging,likert,L4,Repeat,-0.177,0.177,0.0782,100
PP Hedging,likert,L4,Invariance,-0.128,0.128,0.2054,100
PP Hedging,likert,L5,Jury,-0.523,0.523,0.0,100
PP Hedging,likert,L5,Repeat,-0.164,0.164,0.1022,100
PP Hedging,likert,L5,Invariance,-0.166,0.166,0.0985,100
PP Hedging,likert,L6,Jury,-0.011,0.011,0.9098,100
PP Hedging,likert,L6,Repeat,0.189,0.189,0.0596,100
PP Hedging,likert,L6,Invariance,0.065,0.065,0.5227,100
PP Refusal,likert,L1,Jury,-0.533,0.533,0.0,100
PP Refusal,likert,L1,Repeat,0.539,0.539,0.0,100
PP Refusal,likert,L1,Invariance,0.579,0.579,0.0,100
PP Refusal,likert,L2,Jury,-0.423,0.423,0.0,100
PP Refusal,likert,L2,Repeat,0.432,0.432,0.0,100
PP Refusal,likert,L2,Invariance,0.46,0.46,0.0,100
PP Refusal,likert,L3,Jury,-0.447,0.447,0.0,100
PP Refusal,likert,L3,Repeat,0.462,0.462,0.0,100
PP Refusal,likert,L3,Invariance,0.596,0.596,0.0,100
PP Refusal,likert,L4,Jury,-0.544,0.544,0.0,100
PP Refusal,likert,L4,Repeat,0.489,0.489,0.0,100
PP Refusal,likert,L4,Invariance,0.615,0.615,0.0,100
PP Refusal,likert,L5,Jury,-0.492,0.492,0.0,100
PP Refusal,likert,L5,Repeat,0.533,0.533,0.0,100
PP Refusal,likert,L5,Invariance,0.551,0.551,0.0,100
PP Refusal,likert,L6,Jury,-0.57,0.57,0.0,100
PP Refusal,likert,L6,Repeat,0.636,0.636,0.0,100
PP Refusal,likert,L6,Invariance,0.494,0.494,0.0,100
MAGE,binary,L1,Jury,-0.739,0.739,0.0,100
MAGE,binary,L1,Repeat,0.676,0.676,0.0,100
MAGE,binary,L1,Invariance,0.553,0.553,0.0,100
MAGE,binary,L2,Jury,-0.64,0.64,0.0,100
MAGE,binary,L2,Repeat,0.566,0.566,0.0,100
MAGE,binary,L2,Invariance,0.48,0.48,0.0,100
MAGE,binary,L3,Jury,-0.578,0.578,0.0,100
MAGE,binary,L3,Repeat,0.571,0.571,0.0,100
MAGE,binary,L3,Invariance,0.535,0.535,0.0,100
MAGE,binary,L4,Jury,-0.571,0.571,0.0,100
MAGE,binary,L4,Repeat,0.474,0.474,0.0,100
MAGE,binary,L4,Invariance,0.452,0.452,0.0,100
MAGE,binary,L5,Jury,-0.461,0.461,0.0,100
MAGE,binary,L5,Repeat,0.465,0.465,0.0,100
MAGE,binary,L5,Invariance,0.382,0.382,0.0001,100
MAGE,binary,L6,Jury,-0.617,0.617,0.0,100
MAGE,binary,L6,Repeat,0.562,0.562,0.0,100
MAGE,binary,L6,Invariance,0.546,0.546,0.0,100
MAGE,likert,L1,Jury,-0.62,0.62,0.0,100
MAGE,likert,L1,Repeat,0.306,0.306,0.002,100
MAGE,likert,L1,Invariance,0.232,0.232,0.0203,100
MAGE,likert,L2,Jury,-0.588,0.588,0.0,100
MAGE,likert,L2,Repeat,0.358,0.358,0.0003,100
MAGE,likert,L2,Invariance,0.33,0.33,0.0008,100
MAGE,likert,L3,Jury,-0.587,0.587,0.0,100
MAGE,likert,L3,Repeat,0.335,0.335,0.0007,100
MAGE,likert,L3,Invariance,0.338,0.338,0.0006,100
MAGE,likert,L4,Jury,-0.508,0.508,0.0,100
MAGE,likert,L4,Repeat,0.335,0.335,0.0007,100
MAGE,likert,L4,Invariance,0.357,0.357,0.0003,100
MAGE,likert,L5,Jury,-0.48,0.48,0.0,100
MAGE,likert,L5,Repeat,0.368,0.368,0.0002,100
MAGE,likert,L5,Invariance,0.45,0.45,0.0,100
MAGE,likert,L6,Jury,-0.542,0.542,0.0,100
MAGE,likert,L6,Repeat,0.48,0.48,0.0,100
MAGE,likert,L6,Invariance,0.419,0.419,0.0,100
AEGIS,binary,L1,Jury,-0.661,0.661,0.0,100
AEGIS,binary,L1,Repeat,0.482,0.482,0.0,100
AEGIS,binary,L1,Invariance,0.446,0.446,0.0,100
AEGIS,binary,L2,Jury,-0.628,0.628,0.0,100
AEGIS,binary,L2,Repeat,0.425,0.425,0.0,100
AEGIS,binary,L2,Invariance,0.494,0.494,0.0,100
AEGIS,binary,L3,Jury,-0.6,0.6,0.0,100
AEGIS,binary,L3,Repeat,0.422,0.422,0.0,100
AEGIS,binary,L3,Invariance,0.443,0.443,0.0,100
AEGIS,binary,L4,Jury,-0.706,0.706,0.0,100
AEGIS,binary,L4,Repeat,0.417,0.417,0.0,100
AEGIS,binary,L4,Invariance,0.431,0.431,0.0,100
AEGIS,binary,L5,Jury,-0.655,0.655,0.0,100
AEGIS,binary,L5,Repeat,0.47,0.47,0.0,100
AEGIS,binary,L5,Invariance,0.478,0.478,0.0,100
AEGIS,binary,L6,Jury,-0.715,0.715,0.0,100
AEGIS,binary,L6,Repeat,0.41,0.41,0.0,100
AEGIS,binary,L6,Invariance,0.549,0.549,0.0,100
AEGIS,likert,L1,Jury,-0.706,0.706,0.0,100
AEGIS,likert,L1,Repeat,0.577,0.577,0.0,100
AEGIS,likert,L1,Invariance,0.119,0.119,0.2368,100
AEGIS,likert,L2,Jury,-0.413,0.413,0.0,100
AEGIS,likert,L2,Repeat,0.191,0.191,0.0564,100
AEGIS,likert,L2,Invariance,0.09,0.09,0.3729,100
AEGIS,likert,L3,Jury,-0.468,0.468,0.0,100
AEGIS,likert,L3,Repeat,0.236,0.236,0.0181,100
AEGIS,likert,L3,Invariance,0.091,0.091,0.3695,100
AEGIS,likert,L4,Jury,-0.737,0.737,0.0,100
AEGIS,likert,L4,Repeat,0.661,0.661,0.0,100
AEGIS,likert,L4,Invariance,0.135,0.135,0.1799,100
AEGIS,likert,L5,Jury,-0.635,0.635,0.0,100
AEGIS,likert,L5,Repeat,0.559,0.559,0.0,100
AEGIS,likert,L5,Invariance,0.024,0.024,0.8094,100
AEGIS,likert,L6,Jury,-0.68,0.68,0.0,100
AEGIS,likert,L6,Repeat,0.605,0.605,0.0,100
AEGIS,likert,L6,Invariance,0.151,0.151,0.135,100
ToxiGen,binary,L1,Jury,-0.694,0.694,0.0,100
ToxiGen,binary,L1,Repeat,0.533,0.533,0.0,100
ToxiGen,binary,L1,Invariance,0.548,0.548,0.0,100
ToxiGen,binary,L2,Jury,-0.684,0.684,0.0,100
ToxiGen,binary,L2,Repeat,0.505,0.505,0.0,100
ToxiGen,binary,L2,Invariance,0.53,0.53,0.0,100
ToxiGen,binary,L3,Jury,-0.647,0.647,0.0,100
ToxiGen,binary,L3,Repeat,0.533,0.533,0.0,100
ToxiGen,binary,L3,Invariance,0.538,0.538,0.0,100
ToxiGen,binary,L4,Jury,-0.595,0.595,0.0,100
ToxiGen,binary,L4,Repeat,0.457,0.457,0.0,100
ToxiGen,binary,L4,Invariance,0.425,0.425,0.0,100
ToxiGen,binary,L5,Jury,-0.598,0.598,0.0,100
ToxiGen,binary,L5,Repeat,0.461,0.461,0.0,100
ToxiGen,binary,L5,Invariance,0.538,0.538,0.0,100
ToxiGen,binary,L6,Jury,-0.628,0.628,0.0,100
ToxiGen,binary,L6,Repeat,0.522,0.522,0.0,100
ToxiGen,binary,L6,Invariance,0.502,0.502,0.0,100
ToxiGen,likert,L1,Jury,-0.672,0.672,0.0,100
ToxiGen,likert,L1,Repeat,0.353,0.353,0.0003,100
ToxiGen,likert,L1,Invariance,0.161,0.161,0.1095,100
ToxiGen,likert,L2,Jury,-0.718,0.718,0.0,100
ToxiGen,likert,L2,Repeat,0.513,0.513,0.0,100
ToxiGen,likert,L2,Invariance,0.181,0.181,0.0722,100
ToxiGen,likert,L3,Jury,-0.864,0.864,0.0,100
ToxiGen,likert,L3,Repeat,0.546,0.546,0.0,100
ToxiGen,likert,L3,Invariance,0.305,0.305,0.002,100
ToxiGen,likert,L4,Jury,-0.786,0.786,0.0,100
ToxiGen,likert,L4,Repeat,0.522,0.522,0.0,100
ToxiGen,likert,L4,Invariance,0.289,0.289,0.0035,100
ToxiGen,likert,L5,Jury,-0.8,0.8,0.0,100
ToxiGen,likert,L5,Repeat,0.539,0.539,0.0,100
ToxiGen,likert,L5,Invariance,0.228,0.228,0.0227,100
ToxiGen,likert,L6,Jury,-0.621,0.621,0.0,100
ToxiGen,likert,L6,Repeat,0.44,0.44,0.0,100
ToxiGen,likert,L6,Invariance,0.149,0.149,0.1389,100
HH-RLHF,binary,L1,Jury,-0.693,0.693,0.0,100
HH-RLHF,binary,L1,Repeat,0.452,0.452,0.0,100
HH-RLHF,binary,L1,Invariance,0.47,0.47,0.0,100
HH-RLHF,binary,L2,Jury,-0.651,0.651,0.0,100
HH-RLHF,binary,L2,Repeat,0.444,0.444,0.0,100
HH-RLHF,binary,L2,Invariance,0.564,0.564,0.0,100
HH-RLHF,binary,L3,Jury,-0.641,0.641,0.0,100
HH-RLHF,binary,L3,Repeat,0.413,0.413,0.0,100
HH-RLHF,binary,L3,Invariance,0.575,0.575,0.0,100
HH-RLHF,binary,L4,Jury,-0.343,0.343,0.0005,100
HH-RLHF,binary,L4,Repeat,0.232,0.232,0.0199,100
HH-RLHF,binary,L4,Invariance,0.467,0.467,0.0,100
HH-RLHF,binary,L5,Jury,-0.59,0.59,0.0,100
HH-RLHF,binary,L5,Repeat,0.324,0.324,0.001,100
HH-RLHF,binary,L5,Invariance,0.562,0.562,0.0,100
HH-RLHF,binary,L6,Jury,-0.628,0.628,0.0,100
HH-RLHF,binary,L6,Repeat,0.457,0.457,0.0,100
HH-RLHF,binary,L6,Invariance,0.435,0.435,0.0,100
HH-RLHF,likert,L1,Jury,-0.725,0.725,0.0,100
HH-RLHF,likert,L1,Repeat,0.598,0.598,0.0,100
HH-RLHF,likert,L1,Invariance,0.311,0.311,0.0016,100
HH-RLHF,likert,L2,Jury,-0.609,0.609,0.0,100
HH-RLHF,likert,L2,Repeat,0.381,0.381,0.0001,100
HH-RLHF,likert,L2,Invariance,0.265,0.265,0.0078,100
HH-RLHF,likert,L3,Jury,-0.472,0.472,0.0,100
HH-RLHF,likert,L3,Repeat,0.434,0.434,0.0,100
HH-RLHF,likert,L3,Invariance,0.087,0.087,0.3914,100
HH-RLHF,likert,L4,Jury,-0.705,0.705,0.0,100
HH-RLHF,likert,L4,Repeat,0.508,0.508,0.0,100
HH-RLHF,likert,L4,Invariance,0.278,0.278,0.0052,100
HH-RLHF,likert,L5,Jury,-0.623,0.623,0.0,100
HH-RLHF,likert,L5,Repeat,0.445,0.445,0.0,100
HH-RLHF,likert,L5,Invariance,0.224,0.224,0.0251,100
HH-RLHF,likert,L6,Jury,-0.567,0.567,0.0,100
HH-RLHF,likert,L6,Repeat,0.599,0.599,0.0,100
HH-RLHF,likert,L6,Invariance,0.298,0.298,0.0026,100
